User_ID,Signup_Week,Active_Weeks,Avg_Session_Length_Min,Referral,Feedback,Churned
1,6,2,0.7,0,Content is outdated,1
2,6,6,11.0,0,Content is outdated,0
3,5,4,8.7,0,Content is outdated,0
4,8,3,8.5,0,More languages please,0
5,3,2,11.9,0,More languages please,1
6,6,1,13.1,0,Very slow to load,1
7,12,3,9.2,1,Needs more features,0
8,2,4,12.2,0,Great for learning,0
9,4,3,8.5,0,I love the app,0
10,10,4,10.5,0,Content is outdated,0
11,8,3,12.9,0,Too expensive,0
12,8,7,13.0,0,Too expensive,0
13,2,1,11.6,0,Too many bugs,1
14,2,5,11.5,1,Great for learning,0
15,4,4,14.0,0,Helpful interface,0
16,3,6,10.6,0,Very slow to load,0
17,3,7,10.1,0,More languages please,0
18,5,2,9.9,0,Great for learning,1
19,5,5,14.5,0,Great for learning,0
20,7,5,10.5,1,Helpful interface,0
21,1,4,5.1,0,Very slow to load,0
22,7,3,13.0,0,Very slow to load,0
23,12,1,15.6,0,Too many bugs,1
24,1,5,8.9,0,Great for learning,0
25,12,5,15.9,1,Too expensive,0
26,8,2,11.1,0,More languages please,1
27,5,1,8.5,0,Needs more features,1
28,3,4,12.9,0,Needs more features,0
29,2,4,11.4,1,Too expensive,0
30,8,3,9.4,0,I love the app,0
31,2,2,8.5,1,Helpful interface,1
32,11,5,13.2,0,Content is outdated,0
33,12,4,10.6,1,Helpful interface,0
34,10,6,12.8,0,More languages please,0
35,9,5,11.6,0,More languages please,0
36,12,6,16.6,0,Great for learning,0
37,6,4,11.3,0,Crashes often,0
38,12,6,15.3,0,Great for learning,0
39,10,3,9.3,1,Content is outdated,0
40,8,5,15.6,1,More languages please,0
41,10,4,13.5,0,Too many bugs,0
42,2,4,15.2,0,Content is outdated,0
43,9,1,13.4,0,Needs more features,1
44,8,5,11.8,0,Too expensive,0
45,5,7,16.0,1,Very slow to load,0
46,7,6,10.2,0,Very slow to load,0
47,9,6,14.5,1,Content is outdated,0
48,10,1,11.0,1,Too many bugs,1
49,7,6,12.1,0,Needs more features,0
50,1,5,11.0,0,Very slow to load,0
51,8,3,11.5,0,I love the app,0
52,6,8,11.3,0,More languages please,0
53,10,4,14.2,1,Crashes often,0
54,11,5,13.9,0,Crashes often,0
55,11,9,15.8,0,Helpful interface,0
56,12,1,14.2,1,Content is outdated,1
57,4,4,11.3,0,Needs more features,0
58,2,3,13.0,0,More languages please,0
59,5,8,10.7,0,Crashes often,0
60,3,4,12.8,0,Content is outdated,0
61,12,3,9.1,1,Content is outdated,0
62,12,3,12.2,1,Helpful interface,0
63,4,2,12.8,0,Needs more features,1
64,10,4,11.3,0,Very slow to load,0
65,9,3,7.1,0,Helpful interface,0
66,1,1,13.4,0,Needs more features,1
67,8,2,12.8,0,Great for learning,1
68,2,4,13.3,0,Crashes often,0
69,10,2,8.3,1,Content is outdated,1
70,12,3,16.6,0,Too expensive,0
71,5,9,15.2,1,More languages please,0
72,3,4,11.6,0,Content is outdated,0
73,11,5,7.4,0,Great for learning,0
74,12,1,12.1,1,Helpful interface,1
75,2,2,8.1,0,Too expensive,1
76,11,7,13.3,0,Very slow to load,0
77,10,2,11.3,0,Very slow to load,1
78,8,4,11.8,0,Very slow to load,0
79,7,4,10.0,0,I love the app,0
80,1,6,12.8,0,Needs more features,0
81,8,4,17.1,0,Crashes often,0
82,1,5,10.7,1,Needs more features,0
83,4,4,12.0,0,Crashes often,0
84,7,2,7.8,0,Very slow to load,1
85,8,3,9.1,0,Great for learning,0
86,12,3,8.4,1,More languages please,0
87,4,5,13.9,0,Too many bugs,0
88,4,4,13.4,0,Helpful interface,0
89,6,3,10.2,0,Too many bugs,0
90,8,3,15.4,0,Content is outdated,0
91,5,1,13.1,1,Too many bugs,1
92,8,6,13.2,1,More languages please,0
93,4,4,12.2,1,Great for learning,0
94,7,3,15.0,0,Needs more features,0
95,8,3,15.5,0,Helpful interface,0
96,3,3,15.2,1,Crashes often,0
97,11,3,14.1,0,More languages please,0
98,4,5,17.3,0,Too expensive,0
99,3,3,8.3,0,Very slow to load,0
100,11,5,10.9,1,Crashes often,0
101,8,3,10.2,0,I love the app,0
102,10,4,9.4,0,Too expensive,0
103,11,4,12.4,0,More languages please,0
104,4,6,14.1,0,Too many bugs,0
105,7,0,9.5,0,More languages please,1
106,4,1,11.5,1,Great for learning,1
107,7,5,8.4,0,More languages please,0
108,5,2,9.9,0,I love the app,1
109,3,1,4.6,0,I love the app,1
110,7,5,15.6,0,I love the app,0
111,3,2,11.3,0,Needs more features,1
112,12,1,8.6,0,Needs more features,1
113,10,1,12.8,0,Crashes often,1
114,10,5,16.2,0,More languages please,0
115,4,4,5.0,0,More languages please,0
116,1,6,13.6,0,More languages please,0
117,9,3,13.5,0,Too many bugs,0
118,10,4,12.1,0,Too many bugs,0
119,3,6,12.3,0,Helpful interface,0
120,2,7,13.5,0,Content is outdated,0
121,6,2,14.5,0,Content is outdated,1
122,8,3,11.1,0,I love the app,0
123,10,9,12.8,0,Content is outdated,0
124,6,3,14.1,0,Great for learning,0
125,2,1,11.1,0,Too many bugs,1
126,5,3,13.8,0,Great for learning,0
127,7,5,14.7,0,Content is outdated,0
128,9,4,6.7,0,Too many bugs,0
129,12,3,10.5,0,Needs more features,0
130,7,4,18.1,0,Crashes often,0
131,8,0,10.9,0,Great for learning,1
132,1,3,12.3,0,I love the app,0
133,1,4,12.6,0,More languages please,0
134,3,2,12.4,0,More languages please,1
135,10,6,15.7,0,Needs more features,0
136,7,2,18.6,0,Great for learning,1
137,2,5,14.0,0,I love the app,0
138,11,3,15.3,1,Helpful interface,0
139,11,8,13.5,0,Very slow to load,0
140,4,4,10.7,0,Great for learning,0
141,3,4,9.0,0,More languages please,0
142,9,3,12.9,0,Too many bugs,0
143,6,6,7.4,1,Content is outdated,0
144,7,5,12.6,0,Content is outdated,0
145,5,4,12.7,0,Needs more features,0
146,10,8,10.8,1,Too many bugs,0
147,3,4,12.4,1,Crashes often,0
148,8,2,9.6,1,Great for learning,1
149,7,7,12.3,1,Needs more features,0
150,12,2,13.8,1,Needs more features,1
151,2,4,12.3,0,Crashes often,0
152,4,0,15.0,0,Too many bugs,1
153,4,2,7.0,1,Needs more features,1
154,4,2,12.9,0,Needs more features,1
155,7,6,8.4,0,Crashes often,0
156,11,5,7.0,1,Content is outdated,0
157,1,5,11.6,0,Great for learning,0
158,2,2,18.8,0,I love the app,1
159,9,4,11.6,0,I love the app,0
160,2,5,12.5,0,Very slow to load,0
161,4,4,15.1,0,Helpful interface,0
162,6,4,11.0,1,I love the app,0
163,7,4,12.9,0,Crashes often,0
164,6,5,12.8,0,Helpful interface,0
165,5,5,12.0,0,More languages please,0
166,10,9,13.2,0,Very slow to load,0
167,12,2,16.6,0,Great for learning,1
168,2,3,11.6,0,Very slow to load,0
169,10,0,8.3,0,Content is outdated,1
170,5,6,9.4,0,Great for learning,0
171,12,2,10.9,1,Too many bugs,1
172,4,4,16.1,0,Content is outdated,0
173,2,4,13.4,0,Content is outdated,0
174,10,3,10.2,0,More languages please,0
175,12,3,12.5,0,I love the app,0
176,9,2,12.1,0,Very slow to load,1
177,12,6,10.5,0,Great for learning,0
178,6,8,8.9,0,Needs more features,0
179,8,1,19.8,0,Great for learning,1
180,10,5,5.8,0,Needs more features,0
181,11,5,10.8,1,Crashes often,0
182,4,7,15.2,0,I love the app,0
183,12,3,15.4,1,Needs more features,0
184,3,4,6.2,0,Needs more features,0
185,1,7,15.0,0,I love the app,0
186,10,0,14.0,0,More languages please,1
187,4,3,18.4,0,Too many bugs,0
188,9,6,8.7,1,More languages please,0
189,5,6,9.0,1,Crashes often,0
190,8,8,6.3,1,Needs more features,0
191,2,4,10.7,0,Crashes often,0
192,1,6,12.6,0,Very slow to load,0
193,7,3,8.5,1,Content is outdated,0
194,6,3,20.1,0,Great for learning,0
195,2,1,10.8,0,I love the app,1
196,3,3,11.5,0,I love the app,0
197,3,4,11.2,0,Very slow to load,0
198,7,5,21.1,1,Too many bugs,0
199,8,2,10.7,1,Very slow to load,1
200,5,3,13.8,0,Great for learning,0
201,6,4,9.9,0,Crashes often,0
202,5,4,14.5,0,Needs more features,0
203,9,5,11.1,0,Helpful interface,0
204,12,3,13.4,0,Content is outdated,0
205,11,4,12.8,0,Too many bugs,0
206,12,5,16.9,0,More languages please,0
207,6,4,10.6,0,Too many bugs,0
208,5,5,19.5,0,I love the app,0
209,10,6,11.4,0,More languages please,0
210,7,3,10.2,0,Too expensive,0
211,1,5,10.3,0,I love the app,0
212,12,5,10.4,1,I love the app,0
213,8,4,12.4,1,Great for learning,0
214,10,5,10.0,0,Too expensive,0
215,3,3,10.5,0,I love the app,0
216,9,2,13.4,1,Needs more features,1
217,9,5,7.4,0,Crashes often,0
218,9,3,11.7,0,Too many bugs,0
219,1,5,9.3,1,Great for learning,0
220,10,3,11.9,0,Needs more features,0
221,8,3,18.0,1,Too many bugs,0
222,3,7,17.5,1,Content is outdated,0
223,6,5,15.3,0,Too expensive,0
224,12,1,10.1,0,More languages please,1
225,8,6,13.2,0,Very slow to load,0
226,8,2,10.2,1,I love the app,1
227,5,4,12.0,1,Too expensive,0
228,9,2,9.8,0,Content is outdated,1
229,6,3,14.7,1,I love the app,0
230,1,3,14.3,1,Great for learning,0
231,5,3,11.9,1,Content is outdated,0
232,4,4,11.7,0,Great for learning,0
233,4,4,7.8,0,Too many bugs,0
234,11,1,10.9,1,Helpful interface,1
235,2,9,7.9,0,Content is outdated,0
236,12,1,15.7,0,Great for learning,1
237,3,5,16.9,0,Needs more features,0
238,7,5,9.2,0,I love the app,0
239,9,2,9.7,0,More languages please,1
240,10,4,13.5,0,Too many bugs,0
241,7,6,8.1,1,Helpful interface,0
242,8,4,16.2,0,Needs more features,0
243,4,5,13.7,1,Too expensive,0
244,9,4,9.3,0,Needs more features,0
245,9,8,10.2,0,Great for learning,0
246,11,4,13.7,0,Too many bugs,0
247,7,3,12.2,0,Too expensive,0
248,6,5,17.7,0,Content is outdated,0
249,4,3,8.3,0,Crashes often,0
250,7,2,17.4,0,I love the app,1
251,1,4,11.4,0,Great for learning,0
252,7,4,13.0,0,Very slow to load,0
253,3,7,17.3,0,Helpful interface,0
254,8,4,15.2,0,More languages please,0
255,10,3,6.0,0,Crashes often,0
256,9,7,10.5,1,More languages please,0
257,8,7,9.9,0,Helpful interface,0
258,8,2,19.0,0,Very slow to load,1
259,3,5,16.6,1,I love the app,0
260,3,1,14.5,0,More languages please,1
261,9,6,18.4,1,Crashes often,0
262,5,3,10.1,0,Too many bugs,0
263,5,1,14.3,0,Crashes often,1
264,9,2,7.3,1,Helpful interface,1
265,8,4,11.2,0,More languages please,0
266,9,6,11.6,1,Great for learning,0
267,5,5,15.4,1,Content is outdated,0
268,9,5,12.9,0,Content is outdated,0
269,11,1,11.8,1,Very slow to load,1
270,10,6,14.3,1,Great for learning,0
271,2,7,11.5,0,Too expensive,0
272,2,4,5.5,0,Very slow to load,0
273,4,8,11.8,0,I love the app,0
274,1,5,6.1,0,I love the app,0
275,11,6,11.9,0,Helpful interface,0
276,8,8,12.7,0,Needs more features,0
277,7,3,9.4,1,Great for learning,0
278,8,5,9.6,0,More languages please,0
279,12,6,14.0,0,More languages please,0
280,11,9,14.3,1,Very slow to load,0
281,3,2,12.4,0,Too many bugs,1
282,10,3,13.3,0,Needs more features,0
283,4,7,13.6,0,Very slow to load,0
284,5,4,11.8,0,Too expensive,0
285,2,4,15.2,0,I love the app,0
286,1,3,10.7,0,Too expensive,0
287,9,4,15.8,0,I love the app,0
288,9,3,13.6,0,Needs more features,0
289,5,4,9.4,1,I love the app,0
290,9,1,15.3,1,Needs more features,1
291,3,5,13.0,0,Too expensive,0
292,8,2,16.1,0,Too many bugs,1
293,12,2,10.1,0,I love the app,1
294,6,10,12.3,1,I love the app,0
295,3,4,10.8,1,Very slow to load,0
296,3,6,9.6,0,Very slow to load,0
297,8,7,7.8,0,Needs more features,0
298,3,3,11.8,0,Too many bugs,0
299,10,3,13.1,1,Helpful interface,0
300,2,5,11.4,0,Too many bugs,0
301,3,3,11.5,0,Needs more features,0
302,5,7,13.4,0,Crashes often,0
303,11,3,15.5,0,Very slow to load,0
304,3,1,13.9,0,Too expensive,1
305,2,1,14.2,1,Content is outdated,1
306,6,4,10.7,1,Too many bugs,0
307,1,8,7.5,0,I love the app,0
308,9,4,8.4,0,Too expensive,0
309,2,2,15.0,0,Great for learning,1
310,5,7,14.2,1,Content is outdated,0
311,10,5,15.9,0,Content is outdated,0
312,2,5,10.7,0,Content is outdated,0
313,4,3,17.0,0,Crashes often,0
314,8,4,14.4,1,Content is outdated,0
315,11,3,9.8,0,Too many bugs,0
316,9,3,5.8,1,Very slow to load,0
317,1,2,14.0,0,Great for learning,1
318,1,3,13.9,1,Helpful interface,0
319,2,4,11.6,0,Needs more features,0
320,9,6,9.6,0,Great for learning,0
321,9,4,10.6,0,Needs more features,0
322,4,7,10.8,0,Too many bugs,0
323,2,6,11.1,1,Needs more features,0
324,5,6,15.7,1,Crashes often,0
325,12,3,13.8,1,Content is outdated,0
326,1,7,9.8,0,Helpful interface,0
327,9,3,15.1,0,Crashes often,0
328,8,4,16.1,0,Helpful interface,0
329,10,4,9.3,0,Needs more features,0
330,6,3,6.5,0,Helpful interface,0
331,7,2,10.2,0,Great for learning,1
332,2,3,13.7,0,Too many bugs,0
333,4,5,10.8,0,Too expensive,0
334,3,5,11.2,0,More languages please,0
335,2,2,8.9,0,Too expensive,1
336,1,4,12.5,0,Great for learning,0
337,7,8,13.0,0,More languages please,0
338,1,5,9.7,0,Very slow to load,0
339,12,8,8.0,0,Crashes often,0
340,12,4,9.4,0,I love the app,0
341,4,3,15.5,0,Too many bugs,0
342,3,5,11.9,0,Crashes often,0
343,12,7,10.0,0,More languages please,0
344,3,2,14.3,1,More languages please,1
345,6,4,16.1,0,Crashes often,0
346,2,3,17.2,0,Great for learning,0
347,12,3,13.8,1,Content is outdated,0
348,3,6,11.3,0,Too expensive,0
349,4,3,10.4,0,I love the app,0
350,2,1,11.2,0,Too many bugs,1
351,5,5,12.1,0,Very slow to load,0
352,6,1,13.3,0,Too expensive,1
353,7,4,13.7,1,Very slow to load,0
354,5,1,10.2,0,More languages please,1
355,9,3,6.2,0,Helpful interface,0
356,3,1,9.0,0,Very slow to load,1
357,12,4,15.4,1,Too expensive,0
358,2,8,13.6,1,More languages please,0
359,5,5,12.2,0,Too many bugs,0
360,1,2,16.0,0,Content is outdated,1
361,10,4,7.9,1,I love the app,0
362,11,5,13.3,1,Too many bugs,0
363,11,7,8.2,0,Content is outdated,0
364,1,1,13.1,0,Too many bugs,1
365,11,6,13.4,0,Helpful interface,0
366,1,4,5.3,0,Too many bugs,0
367,2,5,11.5,1,Content is outdated,0
368,1,4,15.7,1,I love the app,0
369,4,1,7.8,0,Helpful interface,1
370,3,4,9.6,0,Very slow to load,0
371,2,3,11.6,0,Content is outdated,0
372,7,2,9.9,1,Very slow to load,1
373,3,4,11.7,0,Crashes often,0
374,11,5,14.0,0,More languages please,0
375,9,8,11.3,0,Too expensive,0
376,6,2,8.5,1,Helpful interface,1
377,10,9,13.5,0,Great for learning,0
378,7,5,17.3,1,Great for learning,0
379,4,5,5.2,0,More languages please,0
380,4,3,16.7,1,More languages please,0
381,11,2,9.9,1,Content is outdated,1
382,4,4,11.2,0,Helpful interface,0
383,4,5,11.1,0,Helpful interface,0
384,5,9,5.9,0,Great for learning,0
385,7,2,13.7,0,Too expensive,1
386,2,5,8.7,1,Very slow to load,0
387,9,5,15.3,0,More languages please,0
388,9,3,17.1,0,Too many bugs,0
389,1,4,15.8,1,Very slow to load,0
390,4,3,13.3,1,Too many bugs,0
391,4,6,7.7,0,Helpful interface,0
392,12,6,13.1,0,I love the app,0
393,12,3,11.6,1,Needs more features,0
394,12,0,6.2,1,Very slow to load,1
395,6,2,15.9,0,Great for learning,1
396,4,4,11.2,0,I love the app,0
397,8,9,11.8,0,Too many bugs,0
398,12,4,11.9,0,Crashes often,0
399,2,4,7.0,1,More languages please,0
400,3,3,11.2,0,Very slow to load,0
401,8,6,15.0,0,More languages please,0
402,7,4,14.3,0,Helpful interface,0
403,12,1,7.9,0,Too many bugs,1
404,7,5,17.6,0,Too many bugs,0
405,8,1,12.2,0,Great for learning,1
406,7,5,6.2,0,I love the app,0
407,12,2,13.7,0,Content is outdated,1
408,2,3,12.2,0,Very slow to load,0
409,3,3,14.8,0,Needs more features,0
410,10,3,15.9,1,Great for learning,0
411,12,6,14.7,0,Too expensive,0
412,4,2,17.7,0,Helpful interface,1
413,4,4,15.0,1,I love the app,0
414,10,1,7.1,0,Content is outdated,1
415,5,9,13.1,0,Too many bugs,0
416,4,3,15.0,0,Great for learning,0
417,1,4,16.1,0,Too expensive,0
418,8,6,6.9,0,Content is outdated,0
419,11,6,14.4,0,Needs more features,0
420,5,4,12.3,1,Needs more features,0
421,3,5,12.3,1,I love the app,0
422,9,3,15.8,0,I love the app,0
423,12,1,12.1,0,Needs more features,1
424,7,1,14.6,1,Content is outdated,1
425,4,5,18.6,0,Content is outdated,0
426,5,8,11.2,0,Too many bugs,0
427,10,4,7.5,0,Content is outdated,0
428,11,1,8.4,0,Great for learning,1
429,9,8,15.3,0,Helpful interface,0
430,11,0,9.6,0,Very slow to load,1
431,3,4,14.3,0,I love the app,0
432,2,1,12.8,0,Very slow to load,1
433,7,3,21.9,1,Content is outdated,0
434,7,5,13.8,0,Great for learning,0
435,12,1,14.9,0,Great for learning,1
436,12,6,17.5,0,Content is outdated,0
437,5,3,13.2,0,Too many bugs,0
438,2,3,18.2,1,Too many bugs,0
439,9,2,12.7,1,Needs more features,1
440,2,1,16.8,1,Great for learning,1
441,6,1,15.3,1,Too many bugs,1
442,1,9,11.1,0,Needs more features,0
443,7,3,12.6,0,Too expensive,0
444,6,4,13.2,1,Helpful interface,0
445,12,2,11.0,0,Very slow to load,1
446,2,4,10.7,0,Crashes often,0
447,7,3,18.9,0,Needs more features,0
448,3,3,14.6,1,I love the app,0
449,11,4,13.0,0,Needs more features,0
450,2,6,9.7,0,Too many bugs,0
451,5,8,12.8,1,I love the app,0
452,1,4,8.2,0,Too many bugs,0
453,12,6,12.5,0,Too many bugs,0
454,2,1,8.0,0,More languages please,1
455,9,2,11.8,0,Too many bugs,1
456,8,4,12.9,0,Needs more features,0
457,2,6,11.2,0,More languages please,0
458,2,7,13.7,0,Content is outdated,0
459,1,7,13.4,0,Very slow to load,0
460,12,5,12.6,0,Too many bugs,0
461,5,8,10.3,0,Crashes often,0
462,2,4,7.6,0,Needs more features,0
463,2,2,9.1,0,Too expensive,1
464,8,7,8.7,0,Needs more features,0
465,11,3,11.1,1,I love the app,0
466,10,7,12.8,0,Content is outdated,0
467,9,4,8.3,0,Crashes often,0
468,12,7,12.7,1,I love the app,0
469,12,2,16.3,0,Crashes often,1
470,8,4,9.7,1,Too many bugs,0
471,1,4,12.2,0,Too many bugs,0
472,10,2,9.4,1,Content is outdated,1
473,10,4,10.6,0,Helpful interface,0
474,9,4,8.6,0,Very slow to load,0
475,4,7,10.8,1,Too many bugs,0
476,4,7,10.3,0,Great for learning,0
477,7,3,15.2,0,I love the app,0
478,7,4,13.0,0,Content is outdated,0
479,5,2,14.2,0,Great for learning,1
480,5,2,11.3,0,I love the app,1
481,1,5,12.4,0,Crashes often,0
482,2,9,13.5,1,Too expensive,0
483,12,4,15.9,0,Crashes often,0
484,8,3,10.5,1,Too many bugs,0
485,9,15,12.5,0,Helpful interface,0
486,1,6,14.4,0,Too many bugs,0
487,12,7,10.2,0,Great for learning,0
488,5,3,6.9,0,Helpful interface,0
489,2,0,12.8,1,Great for learning,1
490,3,4,9.9,0,More languages please,0
491,12,5,11.5,0,Too many bugs,0
492,7,3,8.7,0,Content is outdated,0
493,5,1,13.5,1,Helpful interface,1
494,4,6,9.9,0,Crashes often,0
495,6,7,13.4,0,I love the app,0
496,1,4,19.4,0,Helpful interface,0
497,5,5,12.3,0,Content is outdated,0
498,4,8,13.5,0,Too expensive,0
499,11,3,12.9,0,Content is outdated,0
500,1,7,15.4,0,Content is outdated,0
501,4,4,9.1,0,Too many bugs,0
502,6,1,7.4,0,Very slow to load,1
503,11,6,12.0,1,Very slow to load,0
504,12,2,12.0,0,I love the app,1
505,3,5,6.3,0,Very slow to load,0
506,1,2,9.0,0,Crashes often,1
507,3,1,9.2,1,Too many bugs,1
508,10,2,4.5,1,Too expensive,1
509,5,6,12.9,0,More languages please,0
510,11,1,12.0,0,I love the app,1
511,7,4,9.9,0,Crashes often,0
512,1,2,14.7,0,More languages please,1
513,2,6,10.7,0,Crashes often,0
514,2,3,9.2,0,Great for learning,0
515,11,1,14.4,0,More languages please,1
516,11,2,13.1,0,Great for learning,1
517,10,1,9.1,0,Needs more features,1
518,1,2,12.1,1,I love the app,1
519,1,4,10.7,0,Very slow to load,0
520,11,6,16.2,0,Crashes often,0
521,1,2,13.4,1,Content is outdated,1
522,11,1,13.3,1,Helpful interface,1
523,8,3,8.4,0,Crashes often,0
524,11,3,17.2,0,I love the app,0
525,3,3,7.2,0,Crashes often,0
526,11,5,12.6,0,I love the app,0
527,7,6,12.3,1,Too expensive,0
528,8,2,14.0,0,Great for learning,1
529,3,1,14.2,0,Needs more features,1
530,10,6,8.6,0,I love the app,0
531,2,10,12.6,1,Very slow to load,0
532,7,5,13.6,0,I love the app,0
533,5,8,11.7,1,Too expensive,0
534,12,4,14.3,0,Needs more features,0
535,9,6,12.5,0,Great for learning,0
536,11,4,7.1,0,Very slow to load,0
537,9,1,7.1,1,I love the app,1
538,2,3,8.5,1,Content is outdated,0
539,6,6,5.9,1,More languages please,0
540,10,4,16.4,0,I love the app,0
541,7,8,7.9,0,Too expensive,0
542,7,1,13.2,0,Helpful interface,1
543,10,3,13.8,1,Great for learning,0
544,3,7,14.1,0,Needs more features,0
545,2,8,11.9,1,Needs more features,0
546,1,1,11.9,0,Too expensive,1
547,6,6,15.8,0,Too expensive,0
548,7,1,7.1,0,Too expensive,1
549,1,2,15.3,0,Very slow to load,1
550,8,4,10.6,0,More languages please,0
551,9,4,13.6,1,Very slow to load,0
552,8,5,13.8,0,Very slow to load,0
553,9,4,11.3,0,I love the app,0
554,5,5,11.6,0,Needs more features,0
555,1,4,15.5,0,Too many bugs,0
556,6,3,16.4,0,Too expensive,0
557,10,6,15.5,1,Too expensive,0
558,8,6,12.8,0,Too many bugs,0
559,4,5,9.2,1,Too many bugs,0
560,9,7,10.4,1,Too many bugs,0
561,12,5,7.9,0,Helpful interface,0
562,10,4,11.4,0,Great for learning,0
563,10,6,13.2,0,Needs more features,0
564,2,5,13.1,0,Very slow to load,0
565,1,2,13.3,0,More languages please,1
566,3,2,6.3,0,Too expensive,1
567,11,3,16.2,0,Very slow to load,0
568,2,1,14.1,0,Crashes often,1
569,4,4,12.0,0,I love the app,0
570,12,5,17.6,0,I love the app,0
571,4,4,9.5,0,Great for learning,0
572,5,6,9.0,0,Helpful interface,0
573,4,2,16.2,1,Crashes often,1
574,4,3,8.2,0,More languages please,0
575,11,3,9.7,0,Great for learning,0
576,12,7,8.0,0,More languages please,0
577,2,3,15.5,1,Content is outdated,0
578,7,5,12.6,0,Too many bugs,0
579,2,8,13.3,0,Crashes often,0
580,1,3,11.2,0,More languages please,0
581,10,2,9.1,0,Content is outdated,1
582,4,7,9.7,0,Needs more features,0
583,3,3,12.5,0,Great for learning,0
584,8,6,12.0,0,Helpful interface,0
585,4,2,12.0,0,Content is outdated,1
586,4,4,9.8,0,Content is outdated,0
587,12,1,7.2,0,Great for learning,1
588,4,4,12.9,0,Helpful interface,0
589,2,5,10.1,1,Very slow to load,0
590,6,2,14.7,0,Too expensive,1
591,2,6,13.7,0,Crashes often,0
592,6,4,13.5,0,Great for learning,0
593,5,3,11.8,0,Very slow to load,0
594,1,5,8.0,1,Helpful interface,0
595,12,5,12.6,1,Great for learning,0
596,10,4,8.4,0,Very slow to load,0
597,6,1,11.6,0,Very slow to load,1
598,12,4,16.6,0,Very slow to load,0
599,8,9,8.5,0,Too many bugs,0
600,7,1,9.2,1,More languages please,1
601,5,2,14.1,0,Too expensive,1
602,12,2,12.5,1,Too expensive,1
603,2,5,12.2,1,Content is outdated,0
604,8,3,7.5,0,Too expensive,0
605,7,6,11.3,1,Content is outdated,0
606,1,3,14.4,0,More languages please,0
607,11,4,14.8,1,Great for learning,0
608,12,7,11.3,0,Too many bugs,0
609,5,6,17.2,0,I love the app,0
610,4,4,11.8,0,Crashes often,0
611,10,5,12.4,0,More languages please,0
612,3,6,9.6,0,Content is outdated,0
613,10,5,11.3,0,More languages please,0
614,7,7,10.8,1,More languages please,0
615,8,2,22.2,0,Needs more features,1
616,1,3,5.8,1,Helpful interface,0
617,1,3,17.7,0,More languages please,0
618,1,7,15.0,1,Helpful interface,0
619,3,3,11.1,1,More languages please,0
620,8,4,10.6,0,Very slow to load,0
621,2,3,12.7,0,Crashes often,0
622,3,5,12.3,0,Too many bugs,0
623,7,2,9.7,0,Needs more features,1
624,11,5,12.8,1,Great for learning,0
625,5,0,9.6,0,More languages please,1
626,4,8,19.8,1,Content is outdated,0
627,9,5,11.7,0,Very slow to load,0
628,3,3,14.1,0,Content is outdated,0
629,2,4,16.7,0,I love the app,0
630,9,3,14.7,1,Too many bugs,0
631,3,6,11.7,0,Content is outdated,0
632,4,6,6.8,1,Crashes often,0
633,12,4,15.0,0,More languages please,0
634,4,5,8.9,0,Great for learning,0
635,3,2,10.8,0,Very slow to load,1
636,6,5,8.6,1,Very slow to load,0
637,9,3,12.3,1,Helpful interface,0
638,1,3,11.1,1,Very slow to load,0
639,6,6,7.3,0,Too many bugs,0
640,4,2,8.1,0,Crashes often,1
641,3,5,10.6,0,Too expensive,0
642,3,4,17.3,0,Crashes often,0
643,2,5,13.4,1,I love the app,0
644,9,2,9.0,0,Too expensive,1
645,7,6,9.3,1,Needs more features,0
646,12,2,16.3,0,Too expensive,1
647,7,4,9.6,0,Content is outdated,0
648,3,1,10.7,0,Needs more features,1
649,11,2,14.9,1,Too many bugs,1
650,1,3,7.0,0,I love the app,0
651,1,7,15.0,0,Very slow to load,0
652,2,4,10.9,0,Very slow to load,0
653,10,4,16.3,1,Too expensive,0
654,2,7,13.8,0,Great for learning,0
655,11,2,7.7,1,Too many bugs,1
656,5,3,7.0,0,I love the app,0
657,8,5,8.0,0,Crashes often,0
658,1,4,15.2,0,Content is outdated,0
659,4,5,12.0,0,Too many bugs,0
660,12,2,18.9,0,More languages please,1
661,3,6,7.3,1,Great for learning,0
662,2,9,13.3,1,I love the app,0
663,7,2,12.0,1,Too many bugs,1
664,11,8,7.5,0,Great for learning,0
665,5,1,10.0,1,Great for learning,1
666,4,6,17.2,0,Needs more features,0
667,3,5,9.5,0,Crashes often,0
668,2,5,14.7,0,Too many bugs,0
669,7,3,12.5,1,Needs more features,0
670,8,7,8.4,0,Very slow to load,0
671,6,8,15.0,1,Great for learning,0
672,11,1,10.9,0,Needs more features,1
673,12,3,8.2,0,Too expensive,0
674,11,3,12.5,0,Great for learning,0
675,4,4,13.4,0,Great for learning,0
676,5,5,10.3,0,Needs more features,0
677,12,3,13.0,1,I love the app,0
678,2,5,7.7,0,Too many bugs,0
679,3,5,11.9,1,Content is outdated,0
680,10,3,14.3,1,Very slow to load,0
681,2,5,15.4,0,Very slow to load,0
682,4,4,5.4,0,Content is outdated,0
683,3,7,8.6,1,Too expensive,0
684,2,3,14.1,1,Very slow to load,0
685,7,2,6.8,0,I love the app,1
686,12,6,13.3,0,Crashes often,0
687,4,3,10.0,0,Too expensive,0
688,7,5,12.4,0,Very slow to load,0
689,9,5,11.4,1,Content is outdated,0
690,10,2,9.9,0,More languages please,1
691,8,6,12.7,0,I love the app,0
692,4,1,12.6,1,Great for learning,1
693,11,2,15.0,0,Very slow to load,1
694,3,4,13.4,0,I love the app,0
695,4,4,11.2,0,I love the app,0
696,3,2,14.5,0,Very slow to load,1
697,9,2,11.5,0,Great for learning,1
698,12,7,3.5,0,Too expensive,0
699,5,8,14.2,0,Crashes often,0
700,10,3,15.8,0,Crashes often,0
701,10,3,10.3,0,Very slow to load,0
702,11,2,13.9,0,Very slow to load,1
703,4,2,12.1,1,Crashes often,1
704,4,6,19.5,0,Helpful interface,0
705,3,4,14.3,1,More languages please,0
706,8,4,15.9,0,More languages please,0
707,7,2,14.7,0,Crashes often,1
708,9,5,14.8,0,Too expensive,0
709,6,4,15.0,0,Helpful interface,0
710,7,4,13.8,0,Content is outdated,0
711,8,3,13.9,0,Needs more features,0
712,7,2,12.8,0,Crashes often,1
713,11,6,9.4,0,Crashes often,0
714,1,1,14.5,0,Great for learning,1
715,4,2,14.0,1,Content is outdated,1
716,7,7,8.1,0,Too many bugs,0
717,11,0,10.7,0,Needs more features,1
718,7,3,9.9,0,Needs more features,0
719,4,2,13.6,0,Helpful interface,1
720,4,6,8.0,0,Too many bugs,0
721,7,7,12.1,0,I love the app,0
722,1,0,4.2,0,Needs more features,1
723,1,1,12.1,0,Too many bugs,1
724,11,3,10.9,0,Content is outdated,0
725,10,4,15.5,1,Needs more features,0
726,7,5,11.3,0,Content is outdated,0
727,5,6,15.1,1,Needs more features,0
728,3,6,12.4,0,Helpful interface,0
729,8,3,10.7,0,I love the app,0
730,10,6,9.8,0,More languages please,0
731,8,4,7.9,0,Too many bugs,0
732,1,5,12.9,0,Too many bugs,0
733,12,4,16.5,1,Needs more features,0
734,9,4,15.3,0,More languages please,0
735,10,6,7.9,0,Very slow to load,0
736,4,5,15.0,0,More languages please,0
737,4,3,5.0,1,Great for learning,0
738,12,5,9.9,0,Crashes often,0
739,5,5,12.9,0,Too many bugs,0
740,7,4,14.3,1,Too many bugs,0
741,2,4,17.0,1,Too many bugs,0
742,11,7,12.3,0,Too many bugs,0
743,9,2,17.2,0,I love the app,1
744,10,4,11.3,0,Helpful interface,0
745,2,3,8.6,1,Too many bugs,0
746,6,4,12.2,1,Very slow to load,0
747,11,1,14.5,1,Helpful interface,1
748,8,4,13.2,0,Too expensive,0
749,9,2,14.9,0,Helpful interface,1
750,12,4,10.7,0,Very slow to load,0
751,10,1,17.4,0,Too expensive,1
752,12,7,15.5,0,Needs more features,0
753,6,3,16.5,0,Needs more features,0
754,9,4,11.1,0,Too expensive,0
755,10,3,16.4,0,Great for learning,0
756,9,3,11.3,0,Needs more features,0
757,6,3,12.9,0,Great for learning,0
758,4,3,7.6,1,Needs more features,0
759,8,4,16.2,1,Needs more features,0
760,4,2,13.1,1,Crashes often,1
761,7,3,11.6,0,Needs more features,0
762,9,4,13.0,0,Content is outdated,0
763,9,8,12.6,0,Too many bugs,0
764,9,4,13.4,0,Very slow to load,0
765,6,3,14.5,0,Very slow to load,0
766,12,1,17.6,0,Needs more features,1
767,3,8,14.3,1,Crashes often,0
768,2,1,13.4,0,More languages please,1
769,7,4,12.8,0,Helpful interface,0
770,12,5,11.2,0,Helpful interface,0
771,8,1,13.8,1,Too many bugs,1
772,6,4,11.2,0,Needs more features,0
773,1,6,8.9,0,Content is outdated,0
774,5,5,10.7,1,Very slow to load,0
775,5,6,12.7,1,Great for learning,0
776,9,5,9.8,0,Great for learning,0
777,6,3,15.0,0,Too expensive,0
778,5,2,14.8,0,Needs more features,1
779,9,5,10.8,0,Too many bugs,0
780,12,3,14.2,0,Too expensive,0
781,2,7,11.5,0,Too many bugs,0
782,9,5,15.1,0,Great for learning,0
783,5,7,9.2,1,Great for learning,0
784,9,3,13.4,0,Too expensive,0
785,11,2,11.8,0,More languages please,1
786,12,2,9.0,0,Crashes often,1
787,1,1,13.0,1,I love the app,1
788,6,2,9.0,0,Too many bugs,1
789,6,6,19.4,1,Needs more features,0
790,9,5,12.9,0,Too expensive,0
791,2,4,3.5,0,Content is outdated,0
792,9,3,10.8,0,Needs more features,0
793,2,3,12.4,0,Content is outdated,0
794,7,5,13.1,0,Too many bugs,0
795,1,4,8.2,0,Crashes often,0
796,8,2,12.6,1,Very slow to load,1
797,12,1,7.5,1,Crashes often,1
798,1,7,9.9,1,Very slow to load,0
799,7,2,11.2,0,Great for learning,1
800,12,8,12.5,1,Great for learning,0
801,8,3,9.0,0,Very slow to load,0
802,9,7,8.0,0,Very slow to load,0
803,8,4,16.0,1,I love the app,0
804,11,3,18.3,1,Too many bugs,0
805,9,5,14.5,0,Too expensive,0
806,6,8,9.1,0,Too many bugs,0
807,10,9,13.5,0,Too many bugs,0
808,3,2,16.1,1,Very slow to load,1
809,9,1,13.9,0,Too many bugs,1
810,1,7,15.3,0,Too many bugs,0
811,8,2,12.4,0,Too many bugs,1
812,9,3,11.9,0,More languages please,0
813,2,5,7.5,0,Needs more features,0
814,6,5,13.6,0,Too many bugs,0
815,12,3,11.4,0,Helpful interface,0
816,8,4,14.9,0,Too expensive,0
817,1,5,13.0,0,More languages please,0
818,4,7,8.4,0,Crashes often,0
819,4,6,17.3,0,I love the app,0
820,8,5,8.4,0,More languages please,0
821,10,3,9.6,1,More languages please,0
822,1,1,11.9,0,Too many bugs,1
823,6,3,11.6,0,Helpful interface,0
824,2,5,12.6,0,Needs more features,0
825,7,3,7.1,0,Crashes often,0
826,9,3,14.6,1,Too many bugs,0
827,4,5,8.8,0,More languages please,0
828,12,5,13.2,0,I love the app,0
829,7,1,8.9,0,Content is outdated,1
830,9,1,11.6,0,More languages please,1
831,1,4,13.5,0,Content is outdated,0
832,7,3,7.7,0,Great for learning,0
833,1,0,12.0,1,Needs more features,1
834,9,6,10.9,0,Crashes often,0
835,1,6,13.7,1,Crashes often,0
836,5,1,12.6,0,I love the app,1
837,11,1,6.8,0,Helpful interface,1
838,9,5,12.1,1,I love the app,0
839,2,7,11.6,0,Crashes often,0
840,12,9,14.3,0,Content is outdated,0
841,6,4,8.5,1,Helpful interface,0
842,9,4,6.4,0,Crashes often,0
843,1,4,12.8,1,Too expensive,0
844,11,4,9.6,0,More languages please,0
845,4,5,15.6,0,Helpful interface,0
846,6,5,15.2,0,Very slow to load,0
847,12,5,11.4,1,Needs more features,0
848,5,6,10.0,1,More languages please,0
849,2,5,10.8,0,Crashes often,0
850,7,2,16.4,0,More languages please,1
851,6,3,13.0,0,I love the app,0
852,9,1,11.9,0,I love the app,1
853,9,4,7.7,0,I love the app,0
854,6,3,6.2,0,More languages please,0
855,8,4,14.0,0,I love the app,0
856,12,5,7.6,1,Too many bugs,0
857,5,5,13.9,0,Needs more features,0
858,3,0,16.3,0,Content is outdated,1
859,10,1,13.3,0,Content is outdated,1
860,7,3,14.3,0,Too many bugs,0
861,11,4,9.2,0,Content is outdated,0
862,6,6,10.1,0,Content is outdated,0
863,10,1,15.1,0,Great for learning,1
864,4,4,10.9,0,Too expensive,0
865,1,4,13.8,1,Too expensive,0
866,6,6,10.8,0,Crashes often,0
867,11,1,10.7,0,Needs more features,1
868,7,3,10.0,0,Too many bugs,0
869,3,1,9.5,0,Too many bugs,1
870,10,3,9.3,1,Great for learning,0
871,10,3,13.2,0,I love the app,0
872,9,5,10.8,0,I love the app,0
873,8,4,12.5,1,Crashes often,0
874,11,6,10.1,0,I love the app,0
875,11,4,16.3,0,Content is outdated,0
876,12,6,14.4,0,Great for learning,0
877,2,10,15.4,0,Crashes often,0
878,3,8,12.8,0,Crashes often,0
879,11,9,13.8,1,Crashes often,0
880,4,3,8.3,0,I love the app,0
881,6,3,10.8,1,I love the app,0
882,5,2,15.0,1,Content is outdated,1
883,7,4,12.4,0,Too expensive,0
884,3,7,11.7,0,Very slow to load,0
885,9,2,17.8,0,Crashes often,1
886,2,3,13.7,1,Helpful interface,0
887,4,7,10.0,1,Very slow to load,0
888,11,2,6.2,0,Too expensive,1
889,12,3,13.2,0,Too expensive,0
890,8,1,16.1,0,I love the app,1
891,6,5,11.7,1,Crashes often,0
892,5,7,11.7,0,Content is outdated,0
893,2,5,10.7,0,Crashes often,0
894,4,3,9.5,0,More languages please,0
895,8,2,11.4,1,More languages please,1
896,5,5,7.4,0,Crashes often,0
897,11,5,17.7,1,I love the app,0
898,8,6,12.9,0,Helpful interface,0
899,8,5,14.1,0,Crashes often,0
900,2,3,14.3,0,Very slow to load,0
901,8,6,8.7,0,Helpful interface,0
902,11,5,4.5,0,Too many bugs,0
903,6,6,10.0,0,Content is outdated,0
904,4,6,18.3,0,Needs more features,0
905,7,2,5.0,1,Too many bugs,1
906,5,8,13.4,0,I love the app,0
907,8,3,17.7,1,Too expensive,0
908,5,3,10.7,0,Too expensive,0
909,2,3,12.5,1,Too expensive,0
910,9,8,10.3,1,Helpful interface,0
911,4,4,13.4,1,Helpful interface,0
912,7,8,8.7,1,Content is outdated,0
913,4,5,15.1,0,More languages please,0
914,10,2,7.2,0,Needs more features,1
915,11,4,5.4,1,Too expensive,0
916,2,5,19.9,0,Content is outdated,0
917,5,6,10.7,1,Too many bugs,0
918,6,6,17.6,0,Helpful interface,0
919,12,2,7.2,0,Too many bugs,1
920,12,3,18.4,0,Great for learning,0
921,11,4,12.4,0,More languages please,0
922,9,3,8.8,0,Content is outdated,0
923,7,4,11.5,0,Too many bugs,0
924,6,3,13.0,0,Too expensive,0
925,1,3,13.2,0,Crashes often,0
926,5,2,13.6,0,Too many bugs,1
927,3,8,10.5,0,Too many bugs,0
928,11,6,11.5,0,Too expensive,0
929,7,2,15.7,0,Helpful interface,1
930,4,4,13.0,0,Too expensive,0
931,1,3,12.3,0,Too expensive,0
932,8,3,7.5,0,Crashes often,0
933,8,2,11.5,0,Very slow to load,1
934,6,5,11.1,0,More languages please,0
935,10,4,13.1,1,Too many bugs,0
936,12,3,10.1,1,Great for learning,0
937,10,1,10.9,0,Crashes often,1
938,6,2,9.9,1,Crashes often,1
939,6,2,10.9,1,Too many bugs,1
940,10,4,9.9,0,I love the app,0
941,12,6,10.4,0,Too many bugs,0
942,12,6,13.7,1,Crashes often,0
943,10,1,11.1,1,Too expensive,1
944,12,4,10.0,0,Very slow to load,0
945,12,2,9.8,1,Helpful interface,1
946,10,7,6.6,0,I love the app,0
947,11,6,14.8,0,I love the app,0
948,7,3,11.7,0,Too expensive,0
949,4,7,6.3,0,Too expensive,0
950,5,4,10.7,0,Very slow to load,0
951,2,3,11.2,0,Too expensive,0
952,2,1,11.3,1,Great for learning,1
953,5,4,14.2,0,More languages please,0
954,1,4,15.0,0,Too expensive,0
955,6,4,15.4,0,More languages please,0
956,3,7,15.6,0,Content is outdated,0
957,8,4,15.1,0,More languages please,0
958,7,2,13.9,1,Great for learning,1
959,4,3,13.6,0,More languages please,0
960,7,4,14.9,0,Too expensive,0
961,9,6,9.8,0,I love the app,0
962,8,5,10.6,0,More languages please,0
963,11,2,10.4,0,Helpful interface,1
964,9,3,10.1,1,Too many bugs,0
965,2,4,16.5,0,Too expensive,0
966,4,6,9.7,0,Crashes often,0
967,6,5,11.6,0,I love the app,0
968,11,3,15.0,1,Content is outdated,0
969,10,0,9.6,0,Great for learning,1
970,8,4,11.9,1,Crashes often,0
971,11,4,14.6,0,Crashes often,0
972,8,5,15.8,0,More languages please,0
973,2,3,13.1,0,Too expensive,0
974,12,8,12.6,1,Very slow to load,0
975,3,2,6.5,0,Too many bugs,1
976,5,5,10.5,0,More languages please,0
977,6,11,14.3,0,I love the app,0
978,7,4,17.7,0,Too expensive,0
979,1,4,14.2,0,Too many bugs,0
980,11,7,9.0,0,Crashes often,0
981,3,6,10.0,0,More languages please,0
982,9,5,12.4,0,Crashes often,0
983,1,7,15.6,0,Crashes often,0
984,11,7,13.8,1,Too expensive,0
985,12,6,18.9,0,Helpful interface,0
986,5,5,11.0,1,More languages please,0
987,10,5,9.9,0,Too many bugs,0
988,5,3,12.4,1,I love the app,0
989,6,3,13.2,1,Needs more features,0
990,1,2,15.2,0,Too many bugs,1
991,11,3,7.6,0,Content is outdated,0
992,6,3,14.2,0,Very slow to load,0
993,7,1,11.0,0,More languages please,1
994,4,5,11.5,1,Great for learning,0
995,9,4,10.9,0,Too many bugs,0
996,10,3,10.7,1,Too many bugs,0
997,9,4,14.2,1,Content is outdated,0
998,7,7,9.4,1,Too many bugs,0
999,5,10,17.9,0,Great for learning,0
1000,6,4,13.6,1,More languages please,0
